Z1_1YA5,Z1_1YA5_annot,Z2_1YA5,Z2_1YA5_annot,Z7,Z7_annot,I1_1G1C,I1_1G1C_annot,I10_5JDJ,I10_5JDJ_annot,I11,I11_annot,I30,I30_annot,I31,I31_annot,I94,I94_annot,I109_8BXR,I109_8BXR_annot,A1,A1_annot,A29,A29_annot,A72,A72_annot,A98,A98_annot,A131,A131_annot,A156,A156_annot,A169_2NZI,A169_2NZI_annot,M2,M2_annot,M8,M8_annot,M10_2Y9R,M10_2Y9R_annot
A, A1544,P, A1544,P,A1545,A, A1544,T, A1544,P,A1544,P, A1544,P,A1544,P, A1545,E, A1544,C,A1543,P, A1541,E,A1543,E,A1543,P,A1541,V,A1543,V, A1543,P,A1545,A,A1545,P, A1544
P, A1545,P, A1545,M,A1546,P, A1545,L, A1545,I,A1545,S, A1545,P,A1545,Y, A1546,P, A1545,K,A1544,P, A1542,A,A1544,A,A1544,E,A1542,L,A1544,P, A1544,E,A1546,E,A1546,P, A1545
T, A1546,N, A1546,F,A1547,K, A1546,H, A1546,M,A1546,F, A1546,S,A1546,F, A1547,T, A1546,P,A1545,E, A1543,P,A1545,P,A1545,I,A1543,P,A1545,A, A1545,F,A1547,I,A1547,K, A1546
F, A1547,F, A1547,V,A1548,I, A1547,I, A1547,I,A1547,V, A1547,F,A1547,T, A1548,M, A1547,T,A1546,L, A1544,K,A1546,E,A1546,D,A1544,T,A1546,K, A1546,T,A1548,K,A1548,I, A1547
T, A1548,V, A1548,E,A1549,F, A1548,T, A1548,T,A1548,K, A1548,I,A1548,G, A1549,D, A1548,I,A1547,I, A1545,I,A1547,L,A1547,L,A1545,I,A1547,I, A1547,L,A1549,A,A1549,E, A1548
Q, A1549,Q, A1549,K,A1550,E, A1549,K, A1549,S,A1549,K, A1549,K,A1549,K, A1550,L, A1549_loop,D,A1548,L, A1546,K,A1548,D,A1548,D,A1546,D,A1548,H, A1548,P,A1550,F,A1550,A, A1549
P, A1550,R, A1550,L,A1551,R, A1550,T, A1550,M,A1550,V,A1550,T,A1550,L, A1551,S, A1550_loop,L,A1549,D, A1547,V,A1549,L,A1549,V,A1547,L,A1549,L, A1549,L,A1551,S,A1551,L, A1550
L, A1551,L, A1551,K,A'1846,I, A1551,M, A1551,L,A1551,D, A1551,L,A1551,Q, A'1846,A, A1551_loop,E,A1550,A, A1548,D,A1550,D,A1550_loop,A,A1548,S,A1550,P, A1550_loop,Y,A'1846,T,A'1846,P, A1551
Q, A'1846,Q, A'1846,N,A'1847,Q, A'1846,K, A'1846,K,A'1846,P, A1846,E,A'1846,D, A'1847,F, A1844_loop,T,A1551,N, A1549,V,A1551,S,A1551_loop,L,A1549,T,A1551,K, A1551_loop,N,A'1847,Q,A'1847,S, A'1846
S, A'1847,S, A'1847,V,A'1848,S, A'1847,N, A'1847,D,A'1847,S, A1847,P,A'1847,Y, A'1848,K, A1845_loop,H,A'1846,M, A1550,K,A1552,E,A1552_loop,R,A1550,M,A1552,T, A1552_loop,K,A'1848,M,A'1848,D, A'1847
V, A'1848,M, A'1848,N,A'1849,Q, A'1848,I, A'1848,I,A'1848,Y, A1848,A,A'1848,T, A'1849,D, A1846_loop,D,A'1847,A, A1551,F,A1553,L,A1553_loop,T,A1551,P,A1553_loop,L, A1553_loop,T,A'1849,S,A'1849,I, A'1848
V, A'1849,T, A'1849,I,A'1850,T, A'1849,E, A'1849,N,A'1849,L, A1849,D,A'1849,G, A'1850,G, A1847,I,A'1848,R, A'1846,K,A'1845,R,A'1845_loop,S,A'1847,Q,A'1845_loop,E, A1554_loop,A,A'1850,I,A'1850,S, A'1849
V, A'1850,V, A'1850,K,A'1851,V, A'1850,V, A'1850,A,A'1850,M, A1850,I,A'1850,V, A'1851,L, A1848,I,A'1849,E, A'1847,D,A'1846,K,A'1846_loop,V,A'1848,K,A'1846,G, A1555_loop,Y,A'1851,N,A'1851,I, A'1850
L, A'1851,R, A'1851,E,A'1852_loop,G, A'1851,P, A'1851,E,A'1851,L, A1851,V,A'1851,E, A'1852_loop,E, A1849,V,A'1850,Q, A'1848,T,A'1847,G,A'1847_loop,I,A'1849,T,A'1847,M, A1556_loop,V,A'1852_loop,E,A'1852_loop,D, A'1851
E, A'1852_loop,Q, A'1852_loop,G,A'1853_loop,Q, A'1852_loop,E, B2542,E,A'1852_loop,P, A1852_loop,R,A'1852_loop,K, A'1853_loop,V, A1850,I,A'1851,H, A'1849,V,A'1848,I,A'1848,A,A'1850,I,A'1848,G, A1557_loop,G,A'1853_loop,G,A'1853_loop,E, A'1852_loop
G, A'1853_loop,G, A'1853_loop,S,B2544_loop,G, A'1853_loop,T, B2543,K,A'1853_loop,G, A1853_loop,G,A'1853_loop,D, B2544_loop,I, A1851,E,A'1852_loop,I, A'1850,I,A'1849,V,A'1849,K,A'1851,H,A'1849,A, B2537_loop,E,B2544_loop,Q,B2544_loop,G, A'1853_loop
S, B2544_loop,S, B2544_loop,R,B2545,S, B2544_loop,K, B2544,D,B2544_loop,E, B2544_loop,T,B2544_loop,E, B2545,V, A1852_loop,G,A'1853_loop,K, A'1851,L,A'1850,V,A'1850,A,A'1852_loop,V,A'1850,V, B2538_loop,N,B2545,R,B2545,K, B2544_loop
T, B2545,Q, B2545,L,B2546,D, B2545,T, B2545,T,B2545,S, B2545,N,B2545,V, B2546,P, A1853_loop,E,B2544_loop,V, A'1852_loop,K,A'1851,R,A'1851,G,A'1853_loop,P,A'1851,H, B2539_loop,V,B2546,L,B2546,V, B2545
A, B2546,V, B2546,E,B2547,A, B2546,A, B2546,I,B2546,A, B2546,A,B2546,I, B2547,N, B2544_loop,K,B2545,G, A'1853_loop,A,A'1852_loop,A,A'1852_loop,E,B2544_loop,A,A'1852_loop,A, B2540_loop,R,B2547,V,B2547,L, B2546
T, B2547,R, B2547,M,B2548,H, B2547,S, B2547,T,B2547,R, B2547,L,B2547,L, B2548,P, B2545,L,B2546,D, B2544_loop,G,A'1853_loop,G,A'1853_loop,D,B2545,G,A'1853_loop,L, B2541_loop,F,B2548,L,B2548,T, B2547
F, B2548,L, B2548,K,B2549,F, B2548,F, B2548,F,B2548,L, B2548,L,B2548,Q, B2549,I, B2546,S,B2547,T, B2545,E,B2544_loop,G,B2544_loop,V,B2546,R,B2544_loop,R, B2542_loop,G,B2549,K,B2549,V, B2548
E, B2549,Q, B2549,V,B2550,R, B2549,E, B2549,E,B2549,H, B2549,Q,B2549,C, B2550,T, B2547,I,B2548,L, B2546,A,B2545,S,B2545,Q,B2547,P,B2545,G, B2543_loop,V,B2550,A,B2550,A, B2549
A, B2550,V, B2550,R,B2551,V, B2550,C, B2550,V,B2550,C, B2550,C,B2550,E, B2551,T, B2548,P,B2549,R, B2547,F,B2546,A,B2546,V,B2548,V,B2546,E, B2544_loop,T,B2551,N,B2551,C, B2550
H, B2551,R, B2551,A,B2552,R, B2551,E, B2551,T,B2551,K, B2551,E,B2551,I, B2552,L, B2549,V,B2550,L, B2548,R,B2547,R,B2547,L,B2549,E,B2547,V, B2545,I,B2552,I,B2552,A, B2551
I, B2552,V, B2552,T,B2553,V, B2552,V, B2552,V,B2552,L, B2552,V,B2552,S, B2553,V,B2550,P,B2551,S, B2549,L,B2548,I,B2548,I,B2550,L,B2548,V, B2546,T,B2553,A,B2553,F, B2552
S, B2553,T, B2553,G,B2554,V, B2553,S, B2553,N,B2553,K, B2553,S,B2553,K, B2554,P, B2551,F,B2552,A, B2550,E,B2549,H,B2549,P,B2551,V,B2549,S, B2547,V,B2554,G,B2554,T, B2553
G, B2554,G, B2554,N,B2555,G, B2554,H, B2554,Y,B2554,G, B2554,G,B2554,A, B2555,S, B2552,R,B2553,I, B2551,A,B2550,I,B2550,F,B2552,I,B2550,I, B2548,H,B2555,A,B2555_loop,G, B2554
F, B2555,I, B2555,P,B2556_loop,K, B2555,F, B2555,E,B2555,S, B2555,T,B2555,D, B2556_loop,T, B2553,A,B2554,I, B2552,D,B2551,P,B2551,K,B2553,P,B2551,K, B2549,P,B2556_loop,T,C3546,E, B2555
P, B2556_loop,P, B2556_loop,N,B2557_loop,P, B2556_loop,N, B2556_loop,G,B2556_loop,P, B2556_loop,G,B2556_loop,A, C3546_loop,G, B2554,V,B2555,K, B2553,V,B2552,F,B2552,G,B2554,I,B2552,I, B2550,E,B2557_loop,D,C3547,P, B2556_loop
V, C3545_loop,T, C3545_loop,P,C3546_loop,D, B2557_loop,V, C3546_loop,I,C3546_loop,V, B2557_loop,P,B2557_loop,P, C3547,Y, B2555,P,B2556_loop,G, B2554,S,B2553,K,B2553,R,B2555,A,B2553,P, B2551,P,C3546_loop,V,C3548,T, B2557_loop
P, C3546,P, C3546,D,C3547,P, C3546_loop,P, C3547,S,C3547,I, C3546_loop,F,C3546_loop,V, C3548,P, B2556_loop,V,B2557_loop,V, B2555,G,B2554,G,B2554,P,B2556_loop,G,B2554,F, B2552,H,C3547,K,C3549,P, C3546_loop
E, C3547,V, C3547,I,C3548,E, C3547,S, C3548,Y,C3548,Q, C3547,E,C3547,K, C3549,R, B2557_loop,P,C3546_loop,P, B2556_loop,R,B2555,R,B2555,P,B2557_loop,R,B2555,S, B2553,V,C3548,W,C3550,E, C3547
V, C3548,V, C3548,V,C3549,C, C3548,M, C3549,K,C3549,V, C3548,I,C3548,W, C3550,P, C3546_loop,T,C3547,F, B2557_loop,P,B2556_loop,P,B2556_loop,P,C3546_loop,P,B2556_loop,G, B2554,T,C3549,V,C3551,V, C3548
S, C3549,K, C3549,W,C3550,E, C3549,W, C3550,W,C3550,T, C3549,S,C3549,F, C3551,T, C3547,V,C3548,P, C3546_loop,P,B2557_loop,T,B2557_loop,T,C3547,P,B2557_loop,K, B2555,W,C3550,L,C3552,T, C3549
W, C3550,F, C3550,L,C3551,W, C3550,L, C3551,L,C3551,W, C3550,W,C3550,K, C3552,A, C3548,S,C3549,K, C3547,P,C3546_loop,P,C3546_loop,V,C3548,P,C3546_loop,P, B2556_loop,Y,C3551,N,C3553_loop,W, C3550
F, C3551,Y, C3551,K,C3552,Y, C3551,K, C3552,K,C3552,F, C3551,F,C3551,D, C3553_loop,T, C3549,W,C3550,V, C3548,T,C3547,E,C3547,T,C3549,A,C3547,D, B2557_loop,K,C3552,G,C'4547_loop,S, C3551
R, C3552,R, C3552,N,C3553_loop,K, C3552,N, C3553,N,C3553_loop,K, C3552,K,C3552,G, C'4547_loop,W,C3550,H,C3551,T, C3549,M,C3548,I,C3548,W,C3550,A,C3548,P, C3546_loop,S,C3553_loop,V,C'4548,C, C3552
D, C3553,D, C3553,S,C'4547_loop,N, C3553_loop,G, C3554_loop,G,C'4547_loop,N, C3553_loop,D,C3553_loop,K, C'4548,C, C3551,K,C3552,W, C3550,E,C3549,T,C3549,R,C3551,S,C3549,V, C3547,G,C'4547_loop,E,C'4549,G, C3553_loop
G, C3554_loop,G, C'4547,D,C'4548,G, C'4547_loop,V, C'4548,V,C'4548,N, C4547_loop,K,C'4547_loop,E, C'4549,F, C3552,D,C3553_loop,K, C3551,W,C3550,W,C3550,K,C3552,W,C3550,I, C3548,Q,C'4548,L,C'4550,G, C'4547_loop
Q, C'4548,A, C'4548,I,C'4549,V, C'4548,E, C'4549,E,C'4549,K, C4548,K,C'4548,I, C'4550,G, C3553_loop,G,C'4547_loop,K, C3552,S,C3551,S,C3551,D,C3553_loop,F,C3551,T, C3549,K,C'4549,T,C'4551_loop,R, C'4548
V, C'4549,E, C'4549,I,C'4550,K, C'4549,I, C'4550,I,C'4550,E, C4549,Q,C'4549,K, C'4551_loop,D, C4547_loop,K,C'4548,E, C3553_loop,K,C3552,R,C3552,E,C'4547_loop,F,C3552,W, C3550,I,C'4550,N,C'4552_loop,K, C'4549
I, C'4550,I, C'4550,V,C'4551_loop,I, C'4550,E, C'4551_loop,K,C'4551_loop,L, C4550,I,C'4550,P, C'4552_loop,K, C4548,E,C'4549,D, C'4547_loop,D,C3553_loop,E,C3553_loop,K,C'4548,A,C3553_loop,Q, C3551,K,C'4551_loop,S,D6545_loop,I, C'4550
S, C'4551_loop,Q, C'4551_loop,P,C'4552_loop,E, C'4551_loop,M, C'4552_loop,S,C'4552_loop,S, C4551_loop,R,C'4551_loop,S, D6545_loop,V, C4549,V,C'4550,R, C'4548,G,C'4547_loop,E,C'4547_loop,N,C'4549,G,C'4547_loop,K, C3552,P,C'4552_loop,E,D6546_loop,H, C'4551_loop
T, C'4552_loop,S, C'4552_loop,H,C'4553_loop,R, C'4552_loop,S, D6545_loop,T,D6545_loop,E, C4552_loop,S,C'4552_loop,K, D6546_loop,L, C4550,K,C'4551_loop,D, C'4549,K,C'4548,G,C'4548,L,C'4550,S,C'4548,G, C3553_loop,G,C'4553_loop,E,D6547,S, C'4552_loop
S, C'4553_loop,S, D6545_loop,K,D6544_loop,S, D6545_loop,E, D6546_loop,D,D6546_loop,S, D6545_loop,S,D6545_loop,N, D6547,E, C4551_loop,A,C'4552_loop,A, C'4550,E,C'4549,E,C'4549,G,C'4551_loop,K,C'4549,Q, C4547_loop,D,C'4554_loop,Y,D6548,Q, C'4553_loop
T, D6544_loop,L, D6546_loop,Y,D6545_loop,D, D6546_loop,K, D6547,K,D6547,N, D6546_loop,K,D6546_loop,A, D6548,T, C4552_loop,S,D6545_loop,P, C'4551_loop,L,C'4550,F,C'4550,S,C'4552_loop,L,C'4550,D, C4548,N,D6544_loop,R,D6549,E, D6544_loop
L, D6545_loop,D, D6547,P,D6546_loop,R, D6547,F, D6548,C,D6548,T, D6547,K,D6547,V, D6549,G, D6545_loop,D,D6546_loop,T, D6546_loop,E,C'4551_loop,T,C'4551_loop,D,D6545_loop,R,C'4551_loop,L, C4549,D,D6545_loop,Y,D6550,Q, D6545_loop
P, D6546_loop,F, D6548,K,D6547,I, D6548,K, D6549,Q,D6549,V, D6548,Y,D6548,I, D6550,D, D6546_loop,R,D6547,K, D6547,G,C'4552_loop,D,D6546_loop,A,D6546_loop,E,C'4552_loop,I, C4550,K,D6546_loop,G,D6551,G, D6546_loop
G, D6547,Q, D6549,I,D6548,Y, D6549,I, D6550,M,D6550,R, D6549,R,D6549,K, D6551,R, D6547,L,D6548,A, D6548,T,D6545_loop,K,D6547,R,D6547,S,D6545_loop,D, C4551_loop,K,D6547,V,D6552,R, D6547
V, D6548,I, D6550,R,D6549,W, D6550,V, D6551,R,D6551,M, D6550,L,D6550,A, D6552,V, D6548,T,D6549,R, D6549,A,D6546_loop,V,D6548,Y,D6548,E,D6546_loop,N, C4552_loop,Y,D6548,S,D6553,F, D6548
Q, D6549,S, D6551,I,D6550,Y, D6551,V, D6552,T,D6552,Y, D6551,F,D6551,D, D6553,K, D6549,M,D6550,I, D6550,K,D6547,Q,D6549,S,D6549,R,D6547,N, D6545_loop,T,D6549,G,D6554_loop,H, D6549
I, D6550,Q, D6552,E,D6551,W, D6552,Q, D6553,K,D6553,F, D6552,S,D6552,G, D6554_loop,M,D6550,K,D6551,D, D6551,L,D6548,I,D6550,I,D6550,V,D6548,G, D6546_loop,F,D6550,S,E7546_loop,I, D6550
S, D6551,E, D6553,G,D6552,P, D6553,G, D6554,K,D6554_loop,V, D6553,Q,D6553,K, E7546_loop,K, D6551,N,D6552,V, D6552,E,D6549,E,D6551,E,D6551,T,D6549,H, D6547,E,D6551,D,E7547,E, D6551
F, D6552,G, D6554,T,D6553,E, D6554,K, E7546,L,E7546_loop,N, D6554_loop,K,D6554_loop,K, E7547,T, D6552,D,D6553,T, D6553,I,D6550,K,D6552,N,D6552,V,D6550,Y, D6548,S,D6552,Q,E7548,N, D6552
S, D6553,D, E7546,K,D6554_loop,D, D6555_loop,L, E7547,T,E7547,S, E7546_loop,S,E7546_loop,R, E7548,L, D6553,H,D6554_loop,P, D6554_loop,K,D6551,G,D6553,T,D6553,E,D6551,Q, D6549,D,D6553,T,E7549,T, D6553
D, D6554,L, E7547,G,E7546_loop,N, E7546_loop,H, E7548,H,E7548,E, E7547,L,E7547,M, E7549,S, D6554_loop,I,E7546_loop,V, E7546_loop,I,D6552,V,D6554_loop,D,D6554_loop,T,D6552,V, D6550,K,D6554_loop,L,E7550,D, D6554_loop
G, E7546,Y, E7548,E,E7547,V, E7547,Q, E7549,S,E7549,A, E7548,V,E7548,L, E7550,A, E7546_loop,S,E7547,G, E7547,A,D6553,N,E7546_loop,S,E7546_loop,H,D6553,I, D6551,G,E7546_loop,T,E7551,D, E7546_loop
R, E7547,S, E7549,A,E7548,C, E7548,L, E7550,L,E7550,I, E7549,C,E7549,I, E7551,Y, E7547,A,E7548,S, E7548,D,D6554_loop,Y,E7547,S,E7547,T,D6554_loop,V, D6552,L,E7547,I,E7552,L, E7547
A, E7548,L, E7550,A,E7549,E, E7549,I, E7551,N,E7551,L, E7550,L,E7550,L, E7552,A, E7548,H,E7549,K, E7549,F,E7546_loop,T,E7548,S,E7548,K,E7546_loop,T, D6553,Y,E7548,K,E7553,T, E7548
K, E7549,L, E7551,L,E7550,L, E7550,I, E7552,I,E7552,D, E7551,E,E7551,K, E7553,E, E7549,L,E7550,L, E7550,S,E7547,Q,E7549,L,E7549,V,E7547,R, D6554_loop,Q,E7549,Q,E7554_loop,T, E7549
L, E7550,I, E7552,K,E7551,V, E7551,M, E7553,R,E7553,I, E7552,I,E7552,K, E7554_loop,L,E7550,E,E7551,E, E7551,T,E7548,L,E7550,L,E7550,A,E7548,S, E7546_loop,L,E7550,A,E7555_loop,L, E7550
T, E7551,A, E7553,I,E7552,I, E7552,N, E7554,N,E7554_loop,T, E7553,F,E7553,A, E7555_loop,V, E7551,V,E7552,I, E7552,N,E7549,S,E7551,T,E7551,K,E7549,F, E7547,T,E7551,S,E7556_loop,I, E7551
I, E7552,E, E7554,D,E7553,R, E7553,T, E7555,V,E7555_loop,D, E7554_loop,S,E7554_loop,L, E7556_loop,I, E7552,P,E7553,R, E7553,L,E7550,I,E7552,I,E7552,L,E7550,T, E7548,I,E7552,H,E7557_loop,I, E7552
P, E7553,A, E7555,S,E7554_loop,D, E7554_loop,S, E7556,H,E7556_loop,V, E7555_loop,F,E7555_loop,K, E7557_loop,S, E7553,K,E7554_loop,N, E7554_loop,V,E7551,D,E7553,P,E7553,T,E7551,S, E7549,N,E7553,R,F8543_loop,M, E7553
A, E7554,Y, E7556,T,E7555_loop,V, E7555_loop,T, E7557_loop,F,E7557_loop,K, E7556_loop,N,E7556_loop,S, F8543_loop,P, E7554_loop,S,E7555_loop,A, E7555_loop,N,E7552,N,E7554_loop,Q,E7554_loop,I,E7552,L, E7550,S,E7554_loop,D,F8544_loop,D, E7554_loop
V, E7555,P, E7557_loop,V,E7556_loop,T, E7556_loop,E, E7558_loop,G,F8543_loop,V, E7557_loop,S,E7557_loop,D, F8544_loop,S, E7555_loop,V,E7556_loop,A, E7556_loop,K,E7553,C,E7555_loop,V,E7555_loop,R,E7553,V, E7551,V,E7555_loop,E,F8545_loop,V, E7555_loop
T, E7556,E, E7558_loop,S,E7557_loop,G, E7557_loop,D, F8544_loop,D,F8544_loop,E, F8543_loop,A,F8543_loop,I, F8545_loop,E, E7556_loop,R,E7557_loop,H, E7557_loop,D,E7554_loop,D,E7556_loop,T,E7556_loop,E,E7554_loop,F, E7552,T,E7556_loop,G,F8546,Q, E7556_loop
K, E7557_loop,D, F8544_loop,Q,F8543_loop,E, F8543_loop,S, F8545,A,F8545_loop,D, F8544_loop,D,F8544_loop,G, F8546,R, E7557_loop,A,F8543_loop,E, F8543_loop,S,E7555_loop,R,E7557_loop,R,E7557_loop,T,E7555_loop,P, E7553,T,E7557_loop,I,F8547,K, E7557_loop
A, E7558_loop,S, F8545,D,F8544_loop,D, F8544_loop,A, F8546,A,F8546,S, F8545_loop,V,F8545_loop,Q, F8547,S, F8543_loop,D,F8544_loop,D, F8544_loop,T,E7556_loop,N,F8543_loop,N,F8543_loop,T,E7556_loop,N, E7554_loop,D,F8543_loop,L,F8548,Q, F8543_loop
N, F8544_loop,G, F8546,S,F8545_loop,S, F8545_loop,E, F8547,D,F8547,G, F8546,G,F8546,Y, F8548,D, F8544_loop,A,F8545_loop,G, F8545_loop,R,E7557_loop,D,F8544_loop,D,F8544_loop,I,E7557_loop,G, E7555_loop,D,F8544_loop,T,F8549,D, F8544_loop
S, F8545,T, F8547,A,F8546,A, F8546,Y, F8548,Y,F8548,S, F8547,E,F8547,T, F8549,K, F8545_loop,G,F8546,G, F8546,R,F8543_loop,A,F8545_loop,T,F8545_loop,R,F8543_loop,V, E7556_loop,D,F8545_loop,C,F8550,G, F8545_loop
G, F8546,Y, F8548,W,F8547,S, F8547,T, F8549,T,F8549,Y, F8548,Y,F8548,C, F8550,G, F8546,I,F8547,I, F8547,D,F8544_loop,G,F8546,G,F8546,D,F8544_loop,E, E7557_loop,A,F8546,I,F8551,G, F8546
R, F8547,S, F8549,Y,F8548,I, F8548,F, F8550,F,F8550,S, F8549,E,F8549,D, F8551,I, F8547,Y,F8548,Y, F8548,S,F8545_loop,K,F8547,K,F8547,T,F8545_loop,R, F8542_loop,E,F8547,S,F8552,L, F8547
Y, F8548,V, F8550,T,F8549,M, F8549,V, F8551,V,F8551,C, F8550,C,F8550,C, F8552,Y, F8548,T,F8549,S, F8549,G,F8546,Y,F8548,Y,F8548,G,F8546,K, F8543_loop,Y,F8548,K,F8553,Y, F8548
S, F8549,N, F8551,A,F8550,V, F8550,C, F8552,A,F8552,E, F8551,V,F8551,G, F8553,T, F8549,I,F8550,L, F8550,A,F8547,I,F8549,I,F8549,E,F8547,D, F8544_loop,T,F8549,T,F8554,T, F8549
L, F8550,A, F8552,T,F8551,K, F8551,G, F8553,G,F8553,A, F8552,V,F8552,T, G9547,L,F8550,T,F8551,T, F8551,Y,F8548,L,F8550,L,F8550,Y,F8548,A, F8545_loop,V,F8550,K,F8555_loop,L, F8550
K, F8551,T, F8553,A,F8552,A, F8552,N, G9547,K,G9547,V, F8553,A,F8553,D, G9548,K, F8551,L,F8552,V, F8552,T,F8549,K,F8551,T,F8551,T,F8549,G, F8546,V,F8551,E,G9545_loop,S, F8551
A, F8552,N, F8554,I,F8553,I, F8553,D, G9548,A,G9548,N, F8554,N,F8554,K, G9549,L, F8552,E,F8553,E, F8553,L,F8550,L,F8552,I,F8552,L,F8550,F, F8547,A,F8552,G,G9546,L, F8552
T, F8553,S, F8555,N,F8554,N, F8554,Q, G9549,T,G9549,D, F8555_loop,E,F8555_loop,T, G9550,E, F8553,N,F8554,N, F8554,T,F8551,E,F8553,E,F8553,E,F8551,Y, F8548,R,F8553,I,G9547,G, F8553
N, F8554,V, G9545,K,F8555_loop,I, F8555_loop,V, G9550,S,G9550,V, G9545_loop,V,G9545_loop,S, G9551,N, F8554,K,F8555_loop,P, F8555_loop,A,F8552,N,F8554,N,F8554,L,F8552,V, F8549,N,F8554,V,G9548,N, F8554
G, F8555,G, G9546,A,G9545_loop,A, G9545_loop,S, G9551,T,G9551,G, G9546,G,G9546,G, G9552,R, F8555_loop,L,G9545_loop,A, G9545_loop,T,F8553,S,F8555_loop,G,F8555_loop,K,F8553,V, F8550,K,F8555_loop,K,G9549,E, F8555_loop
S, G9545,R, G9547,G,G9546,G, G9546,A, G9552,A,G9552,S, G9547,K,G9547,K, G9553,V, G9545_loop,G,G9546,G, G9546,N,F8554,S,G9545_loop,V,G9544_loop,N,F8554,C, F8551,Y,G9545_loop,C,G9550,F, G9545_loop
G, G9546,A, G9548,R,G9547,E, G9547,T, G9553,T,G9553,D, G9548,C,G9548,L, G9554,K, G9546,S,G9547,S, G9547,P,F8555_loop,G,G9546,G,G9545,V,F8555_loop,A, F8552,G,G9546,Q,G9551,G, G9546
Q, G9547,T, G9549,D,G9548,T, G9548,L, G9554,L,G9554,S, G9549,G,G9549,D, G9555,T, G9547,A,G9548,K, G9548,G,G9545_loop,S,G9547,E,G9546,T,G9545_loop,K, F8553,E,G9547,Y,G9552,S, G9547
A, G9548,S, G9550,T,G9549,S, G9549,T, G9555,Y,G9555,C, G9550,C,G9550,I, G9556,I, G9548,T,G9549,T, G9549,G,G9546,K,G9548,P,G9547,G,G9546,N, F8554,D,G9548,D,G9553,D, G9548
T, G9549,T, G9551,T,G9550,S, G9550,V, G9556,V,G9556,S, G9551,M,G9551,E, G9557,S, G9549,A,G9550,V, G9550,F,G9547,S,G9549,K,G9548,T,G9547,R, F8555_loop,S,G9549,L,G9554,S, G9549
S, G9550,A, G9552,R,G9551,H, G9551,T, G9557,E,G9557,T, G9552,A,G9552,,,G,G9550,S,G9551,S, G9551,A,G9548,A,G9550,S,G9549,T,G9548,F, G9545_loop,C,G9550,T,G9555,A, G9550
T, G9551,E, G9553,C,G9552,A, G9552,,,,,E, G9553,T,G9553,,,E, G9551,I,G9552,V, G9552,K,G9549,F,G9551,S,G9550,S,G9549,G, G9546,K,G9551,,,T, G9551
A, G9552,L, G9554,K,G9553,F, G9553,,,,,I, G9554,H,G9554,,,I, G9552,N,G9553,K, G9553,H,G9550,V,G9552,T,G9551,E,G9550,I, G9547,A,G9552,,,V, G9552
E, G9553,L, G9555,V,G9554,L, G9554,,,,,V, G9555,L,G9555,,,D, G9553,V,G9554,V, G9554,I,G9551,T,G9553,V,G9552,T,G9551,D, G9548,K,G9553,,,N, G9553
L, G9554,V, G9556,N,G9555,L, G9555,,,,,I, G9556,L,G9556,,,V, G9554,K,G9555,L, G9555,F,G9552,V,G9554,S,G9553,I,G9552,Q, G9549,L,G9554,,,I, G9554
L, G9555,Q, G9557,V,G9556,V, G9556,,,,,K, G9557,K,G9557,,,N, G9555,V,G9556,V, G9556,N,G9553,K,G9555,V,G9554,K,G9553,K, G9550,T,G9555,,,H, G9555
V, G9556,G, G9558,E,G9557,Q, G9557,,,,,,,,,,,V, G9556,I,G9557,L, G9557,V,G9554,V,G9556,K,G9555,V,G9554,T, G9551,V,G9556,,,I, G9556
K, G9557,,,,,,,,,,,,,,,,,I, G9557,,,,,K,G9555,L,G9557,V,G9556,I,G9555,V, G9552,T,G9557,,,R, G9557
A, G9558,,,,,,,,,,,,,,,,,,,,,,,V,G9556,,,L,G9557,I,G9556,E, G9553,,,,,,
,,,,,,,,,,,,,,,,,,,,,,,,L,G9557,,,,,L,G9557,L, G9554,,,,,,
,,,,,,,,,,,,,,,,,,,,,,,,,,,,,,,,D, G9555,,,,,,