I110_8BXR,I110_8BXR_annot,I111_8BXR,I111_8BXR_annot,I113,I113_annot,I116,I116_annot,A13_8OMW,A13_8OMW_annot,A53_8OSD,A53_8OSD_annot,A77_3LPW,A77_3LPW_annot,A78_3LPW,A78_3LPW_annot,A103_8OT5,A103_8OT5_annot,A110_8OTY,A110_8OTY_annot,A113,A113_annot,A150,A150_annot,A170_2NZI,A170_2NZI_annot
R,A1543,V,A1543,K,A1543,P,A1543,L,A1543,P,A1543,T,A1543,R,A1543,E,A1543,S,A1543,R,A1543,S,A1543,V,A1543
P,A1544,P,A1544,P,A1544,P,A1544,P,A1544,P,A1544,P,A1544,P,A1544,P,A1544,P,A1544,P,A1544,P,A1544,P,A1544
S,A1545,D,A1545,G,A1545,S,A1545,G,A1545,G,A1545,G,A1545,L,A1545,G,A1545,S,A1545,G,A1545,G,A1545,D,A1545
A,A1546,P,A1546,P,A1546,P,A1546,P,A1546,P,A1546,P,A1546,P,A1546,P,A1546,A,A1546,P,A1546,P,A1546,P,A1546
P,A1547,P,A1547,P,A1547,P,A1547,P,A1547,P,A1547,P,A1547,P,A1547,P,A1547,P,A1547,P,A1547,C,A1547,P,A1547
K,A1548,E,A1548,A,A1548,R,A1548,G,A1548,A,A1548,Q,A1548,G,A1548,G,A1548,V,A1548,G,A1548,G,A1548,R,A1548
E,A1549,N,A1549,A,A1549,W,A1549,K,A1549,F,A1549,D,A1549,K,A1549,T,A1549,N,A1549,P,A1549,K,A1549,G,A1549
L,A1550,V,A1550,F,A1550,L,A1550,P,A1550,P,A1550,L,A1550,I,A1550,P,A1550,L,A1550,I,A1550,L,A1550,V,A1550
K,A1551,K,A1551,D,A1551,E,A1551,K,A1551,K,A1551,K,A1551,T,A1551,F,A1551,T,A1551,R,A1551,T,A1551,K,A1551
F,A1552,W,A1552,I,A1552,V,A1552,V,A1552,V,A1552,V,A1552,L,A1552,V,A1552,I,A1552,I,A1552,V,A1552,V,A1552
G,A1553,R,A1553,T,A1553,I,A1553,L,A1553,Y,A1553,K,A1553,M,A1553,T,A1553,R,A1553,D,A1553,S,A1553,S,A1553
D,A1554,D,A1554,D,A1554,N,A1554,A,A1554,D,A1554,E,A1554,D,A1554,S,A1554,E,A1554,E,A1554,R,A1554,D,A1554
I,A1555_loop,R,A1555_loop,V,A1555_loop,I,A1555,R,A1555,T,A1555,V,A1555,V,A1555,I,A1555,V,A1555,V,A1555,V,A1555_loop,V,A1555_loop
T,A1556_loop,T,A1556_loop,T,A1556_loop,T,A1556_loop,T,A1556,T,A1556,T,A1556_loop,T,A1556_loop,S,A1556_loop,K,A1556_loop,S,A1556_loop,T,A1556_loop,S,A1556_loop
K,B2543_loop,A,B2543_loop,N,B2543_loop,K,A1557_loop,K,A1557_loop,R,A1557_loop,K,A1557_loop,R,A1557_loop,K,A1557_loop,K,A1557_loop,C,A1557_loop,Q,B2543_loop,R,B2543_loop
D,B2544_loop,N,B2544_loop,E,B2544_loop,N,B2544_loop,G,B2544_loop,S,B2544_loop,T,B2544_loop,N,B2544_loop,D,B2544_loop,D,B2544_loop,D,B2544_loop,E,B2544_loop,D,B2544_loop
S,B2545,S,B2545,S,B2545,T,B2545,S,B2545,S,B2545,S,B2545,S,B2545,Q,B2545,S,B2545,S,B2545,K,B2545,S,B2545
V,B2546,I,B2546,C,B2546,A,B2546,M,B2546,V,B2546,V,B2546,V,B2546,M,B2546,V,B2546,I,B2546,C,B2546,V,B2546
H,B2547,F,B2547,L,B2547,D,B2547,L,B2547,S,B2547,T,B2547,S,B2547,L,B2547,T,B2547,T,B2547,T,B2547,N,B2547
L,B2548,L,B2548,L,B2548,L,B2548,V,B2548,L,B2548,L,B2548,L,B2548,V,B2548,L,B2548,I,B2548,L,B2548,L,B2548
T,B2549,T,B2549,T,B2549,K,B2549,S,B2549,S,B2549,T,B2549,S,B2549,Q,B2549,S,B2549,S,B2549,A,B2549,T,B2549
W,B2550,W,B2550,W,B2550,W,B2550,W,B2550,W,B2550,W,B2550,W,B2550,W,B2550,W,B2550,W,B2550,W,B2550,W,B2550
E,B2551,D,B2551_loop,N,B2551,T,B2551,T,B2551,G,B2551,D,B2551,E,B2551_loop,H,B2551_loop,E,B2551,N,B2551_loop,S,B2551_loop,T,B2551
P,B2552_loop,P,B2552_loop,P,B2552_loop,V,B2552_loop,P,B2552_loop,K,B2552_loop,P,B2552_loop,K,B2552_loop,E,B2552_loop,P,B2552_loop,P,B2552_loop,L,B2552_loop,E,B2552_loop
P,B2553_loop,P,B2553_loop,P,B2553_loop,P,B2553_loop,P,B2553_loop,P,B2553_loop,P,B2553_loop,P,B2553_loop,P,B2553_loop,P,B2553_loop,P,B2553_loop,P,B2553_loop,P,B2553_loop
D,B2554_loop,K,B2554_loop,R,B2554_loop,E,B2554_loop,L,B2554_loop,A,B2554_loop,L,B2554_loop,E,B2554_loop,V,B2554_loop,L,B2554_loop,E,B2554_loop,Q,B2554_loop,A,B2554_loop
D,B2555_loop,N,B2555_loop,D,B2555_loop,K,B2555_loop,D,B2555_loop,Y,B2555_loop,L,B2555_loop,H,B2555_loop,N,B2555_loop,I,B2555_loop,Y,B2555_loop,E,B2555_loop,S,B2555_loop
D,B2556_loop,D,C3540_loop,D,B2556_loop,D,B2556_loop,N,C3540_loop,D,B2556_loop,D,B2556_loop,D,C3540_loop,D,C3540_loop,D,B2556_loop,D,C3540_loop,D,C3540_loop,D,B2556_loop
G,C3541_loop,G,C3541_loop,G,C3541_loop,G,C3541_loop,G,C3541_loop,G,C3541_loop,G,C3541_loop,G,C3541_loop,G,C3541_loop,G,C3541_loop,G,C3541_loop,G,C3541_loop,G,C3541_loop
G,C3542_loop,G,C3542_loop,G,C3542_loop,G,C3542_loop,G,C3542_loop,G,C3542_loop,G,C3542_loop,G,C3542_loop,G,C3542_loop,G,C3542_loop,G,C3542_loop,G,C3542_loop,G,C3542_loop
S,C3543_loop,S,C3543_loop,S,C3543_loop,S,C3543_loop,S,C3543_loop,S,C3543_loop,S,C3543_loop,S,C3543_loop,T,C3543_loop,A,C3543_loop,C,C3543_loop,A,C3543_loop,S,C3543_loop
P,C3544_loop,R,C3544_loop,K,C3544_loop,P,C3544_loop,P,C3544_loop,P,C3544_loop,K,C3544_loop,R,C3544_loop,K,C3544_loop,K,C3544_loop,Q,C3544_loop,E,C3544_loop,K,C3544_loop
L,C3545,I,C3545,I,C3545,I,C3545,I,C3545,I,C3545,I,C3545,I,C3545,I,C3545,I,C3545,I,C3545,I,C3545,I,C3545
T,C3546,K,C3546,T,C3546,T,C3546,T,C3546,I,C3546,K,C3546,L,C3546,I,C3546,T,C3546,S,C3546,T,C3546,T,C3546
G,C3547,G,C3547,N,C3547,N,C3547,G,C3547,G,C3547,N,C3547,G,C3547,G,C3547,N,C3547,N,C3547,H,C3547,N,C3547
Y,C3548,Y,C3548,Y,C3548,Y,C3548,Y,C3548,Y,C3548,Y,C3548,Y,C3548,Y,C3548,Y,C3548,Y,C3548,Y,C3548,Y,C3548
V,C3549,I,C3549,V,C3549,I,C3549,W,C3549,L,C3549,I,C3549,I,C3549,H,C3549,I,C3549,I,C3549,I,C3549,I,C3549
V,C3550,V,C3550,V,C3550,V,C3550,L,C3550,V,C3550,V,C3550,V,C3550,L,C3550,V,C3550,V,C3550,V,C3550,V,C3550
E,C3551,E,C3551,E,C3551,E,C3551,E,C3551,E,C3551,E,C3551,E,C3551,E,C3551,E,C3551,E,C3551,E,C3551,E,C3551
K,C3552,R,C3552,R,C3552,K,C3552,K,C3552,V,C3552,K,C3552,M,C3552,Q,C3552,K,C3552,K,C3552,R,C3552,K,C3552
R,C3553,C,C3553,R,C3553,R,C3553,R,C3553,K,C3553,R,C3553,Q,C3553,K,C3553,R,C3553,K,C3553,R,C3553,C,C3553
E,C3554,P,C3554,A,C3554,D,C3554,E,C3554,R,C3554,E,C3554,T,C3554,E,C3554,E,C3554,E,C3554,E,C3554,A,C3554
V,C3555_loop,R,C3555_loop,T,C3555_loop,V,C3555_loop,E,C3555_loop,A,C3555_loop,S,C3555_loop,K,C3555_loop,K,C3555_loop,T,C3555_loop,T,C3555_loop,T,C3555_loop,T,C3555_loop
S,C3556_loop,G,C3556_loop,D,C3556_loop,R,C3556_loop,G,C3556_loop,D,C3556_loop,T,C3556_loop,G,C3556_loop,N,C3556_loop,T,C3556_loop,T,C3556_loop,S,C3556_loop,T,C3556_loop
R,C3557_loop,S,C3557_loop,S,C3557_loop,R,C3557_loop,S,C3557_loop,S,C'4545_loop,R,C3557_loop,S,C3557_loop,S,C3557_loop,R,C3557_loop,S,C3557_loop,R,C3557_loop,A,C3557_loop
K,C'4545_loop,D,C'4545_loop,E,C'4545_loop,K,C'4545_loop,P,C'4545_loop,D,C'4546_loop,K,C'4545_loop,D,C'4545_loop,I,C'4545_loop,K,C'4545_loop,T,C'4545_loop,L,C'4545_loop,E,C'4545_loop
T,C'4546_loop,K,C'4546_loop,V,C'4546_loop,G,C'4546_loop,Y,C'4546_loop,N,C'4547,A,C'4546_loop,K,C'4546_loop,L,C'4546_loop,A,C'4546_loop,T,C'4546_loop,N,C'4546_loop,R,C'4546_loop
W,C'4547,W,C'4547,W,C'4547,W,C'4547,W,C'4547,W,C'4548,Y,C'4547,W,C'4547,W,C'4547,Y,C'4547,W,C'4547,W,C'4547,W,C'4547
T,C'4548,V,C'4548,H,C'4548,Q,C'4548,S,C'4548,V,C'4549,S,C'4548,A,C'4548,V,C'4548,A,C'4548,H,C'4548,V,C'4548,L,C'4548
K,C'4549,A,C'4549,K,C'4549,T,C'4549,R,C'4549,R,C'4550,T,C'4549,T,C'4549,K,C'4549,T,C'4549,I,C'4549,I,C'4549,R,C'4549
V,C'4550,C,C'4550,L,C'4550,V,C'4550,V,C'4550,C,C'4551,V,C'4550,C,C'4550,L,C'4550,I,C'4550,V,C'4550,V,C'4550,V,C'4550
M,C'4551,G,C'4551,S,C'4551,D,C'4551,S,C'4551,N,C'4552_loop,A,C'4551,A,C'4551,N,C'4551,T,C'4551,S,C'4551,E,C'4551,G,C'4551
D,C'4552,E,C'4552,S,C'4552,T,C'4552,R,C'4552_loop,L,C'4553_loop,T,C'4552,T,C'4552,K,C'4552_loop,N,C'4552,Q,C'4552,G,C'4552,Q,C'4552
F,C'4553,P,C'4553,T,C'4553,T,C'4553,A,C'4553_loop,P,C'4554_loop,N,C'4553,V,C'4553,T,C'4553_loop,N,C'4553,A,C'4553,E,C'4553,A,C'4553
V,C'4554,V,C'4554,V,C'4554,V,C'4554,P,C'4554_loop,Q,C'4555_loop,C,C'4554,K,C'4554_loop,P,C'4554_loop,C,C'4554,V,C'4554,C,C'4554,R,C'4554_loop
T,C'4555_loop,A,C'4555_loop,K,C'4555_loop,K,C'4555_loop,I,C'4555_loop,N,C'4556_loop,H,C'4555_loop,V,C'4555_loop,I,C'4555_loop,T,C'4555_loop,A,C'4555_loop,P,C'4555_loop,E,C'4555_loop
D,C'4556_loop,E,C'4556_loop,D,C'4556_loop,D,C'4556_loop,T,C'4556_loop,L,E7545_loop,K,C'4556_loop,T,E7548_loop,Q,E7546_loop,K,C'4556_loop,R,C'4556_loop,T,C'4556_loop,T,E7548_loop
L,E7548_loop,T,E7548_loop,T,E7548_loop,T,E7548_loop,K,C'4557_loop,Q,E7546_loop,T,E7548_loop,E,E7549,D,E7547_loop,T,E7548_loop,T,E7548_loop,L,E7548_loop,R,E7549
E,E7549,K,E7549,N,E7549,K,E7549,V,E7543_loop,K,E7547_loop,S,E7549,A,E7550,T,E7548_loop,T,E7549,S,E7549,S,E7549,Y,E7550
F,E7550,M,E7550,F,E7550,C,E7550,G,E7544_loop,T,E7548_loop,W,E7550,T,E7551,K,E7549,F,E7550,I,E7550,Y,E7550,T,E7551
T,E7551,E,E7551,K,E7551,T,E7551,L,E7545_loop,R,E7549,K,E7551,I,E7552,F,E7550,R,E7551,K,E7551,V,E7551,V,E7552
V,E7552,V,E7552,A,E7552,V,E7552,K,E7546_loop,F,E7550,V,E7552,T,E7553,K,E7551,I,E7552,I,E7552,V,E7552,I,E7553
P,E7553,T,E7553,T,E7553,T,E7553,G,E7547_loop,E,E7551,D,E7553,G,E7554_loop,T,E7552,E,E7553,V,E7553,T,E7553,N,E7554_loop
D,E7554_loop,G,E7554_loop,K,E7554_loop,P,E7554_loop,V,E7548,V,E7552,Q,E7554_loop,L,E7555_loop,T,E7553,N,E7554_loop,R,E7554_loop,R,E7554_loop,L,E7555_loop
L,E7555_loop,L,E7555_loop,L,E7555_loop,L,E7555_loop,E,E7549,T,E7553,L,E7555_loop,I,E7556_loop,G,E7554_loop,L,E7555_loop,L,E7555_loop,L,E7555_loop,F,E7556_loop
V,E7556_loop,E,E7556_loop,I,E7556_loop,T,E7556_loop,F,E7550,G,E7554_loop,Q,E7556_loop,Q,F8542_loop,L,E7555_loop,Q,E7556_loop,T,E7556_loop,I,E7556_loop,G,F8542_loop
Q,F8542_loop,E,F8542_loop,P,F8542_loop,E,F8542_loop,N,E7551,L,E7555_loop,E,F8542_loop,G,F8543_loop,D,E7556_loop,E,F8542_loop,T,F8542_loop,K,F8542_loop,K,F8543_loop
G,F8543_loop,G,F8543_loop,N,F8543_loop,G,F8543_loop,V,E7552,M,E7556_loop,G,F8543_loop,E,F8544_loop,E,F8542_loop,G,F8543_loop,G,F8543_loop,N,F8543_loop,T,F8544_loop
K,F8544_loop,K,F8544_loop,K,F8544_loop,S,F8544_loop,P,E7553,E,F8542_loop,C,F8544_loop,E,F8545,G,F8543_loop,C,F8544_loop,S,F8544_loop,N,F8544_loop,S,F8545
E,F8545,W,F8545,E,F8545,L,F8545,R,E7554_loop,D,F8543_loop,S,F8545,Y,F8546,L,F8544_loop,S,F8545,E,F8545,E,F8545,Y,F8546
Y,F8546,Y,F8546,Y,F8546,Y,F8546,L,E7555_loop,T,F8544_loop,Y,F8546,S,F8547,E,F8545,Y,F8546,Y,F8546,Y,F8546,Q,F8547
L,F8547,A,F8547,I,F8547,V,F8547,L,E7556_loop,Q,F8545,Y,F8547,F,F8548,Y,F8546,Y,F8547,Q,F8547,I,F8547,F,F8548
F,F8548,Y,F8548,F,F8548,F,F8548,E,F8542_loop,Y,F8546,F,F8548,R,F8549,E,F8547,F,F8548,F,F8548,F,F8548,R,F8549
R,F8549,R,F8549,R,F8549,R,F8549,G,F8543_loop,Q,F8547,R,F8549,V,F8550,F,F8548,R,F8549,R,F8549,R,F8549,V,F8550
V,F8550,V,F8550,V,F8550,V,F8550,V,F8544_loop,F,F8548,V,F8550,S,F8551,K,F8549,V,F8550,V,F8550,V,F8550,I,F8551
C,F8551,K,F8551,A,F8551,A,F8551,K,F8545,R,F8549,L,F8551,A,F8552,V,F8550,L,F8551,C,F8551,R,F8551,A,F8552
A,F8552,A,F8552,A,F8552,A,F8552,Y,F8546,V,F8550,A,F8552,Q,F8553,S,F8551,A,F8552,A,F8552,A,F8552,E,F8553
R,F8553,L,F8553,E,F8553,E,F8553,Q,F8547,Y,F8551,E,F8553,N,F8554,A,F8552,S,F8553,E,F8553,V,F8553,N,F8554
N,F8554,N,F8554,N,F8554,N,F8554,F,F8548,A,F8552,N,F8554,E,F8555_loop,E,F8553,N,F8554,N,F8554,N,F8554,K,F8555_loop
K,F8555_loop,R,F8555_loop,M,F8555_loop,A,F8555_loop,R,F8549,V,F8553,E,F8555_loop,K,G9544_loop,N,F8554,E,F8555_loop,R,F8555,K,F8555_loop,F,G9544_loop
C,F8556_loop,Q,F8556_loop,Y,G9544_loop,I,G9544_loop,A,F8550,N,F8554,Y,G9544_loop,G,G9545,I,F8555_loop,Y,G9544_loop,Y,G9544,Y,G9544_loop,G,G9545
G,G9545_loop,G,G9545_loop,G,G9545,G,G9545,M,F8551,K,F8555_loop,G,G9545,I,G9546,V,F8556_loop,G,G9545,G,G9545,G,G9545,L,G9546
P,G9546,A,G9546,V,G9546,Q,G9546,A,F8552,I,G9544_loop,I,G9546,S,G9547,G,G9545_loop,I,G9546,K,G9546,P,G9546,S,G9547
G,G9547,S,G9547,G,G9547,S,G9547,I,F8553,G,G9545,G,G9547,D,G9548,I,G9546,G,G9547,S,G9547,G,G9547,K,G9548
E,G9548,K,G9548,E,G9548,D,G9548,N,F8554,Y,G9546,L,G9548,P,G9549,G,G9547,L,G9548,S,G9548,V,G9548,P,G9549
P,G9549,P,G9549,P,G9549,Y,G9549,A,F8555_loop,S,G9547,P,G9549,R,G9550,K,G9548,P,G9549,Y,G9549,P,G9549,S,G9550
A,G9550,S,G9550,V,G9550,T,G9550,A,G9544_loop,D,G9548,A,G9550,Q,G9551,P,G9549,A,G9550,S,G9550,V,G9550,E,G9551
Y,G9551,R,G9551,Q,G9551,E,G9551,G,G9545,P,G9549,E,G9551,L,G9552,S,G9550,E,G9551,E,G9551,E,G9551,P,G9552
V,G9552,P,G9552,A,G9552,I,G9552,I,G9546,S,G9550,T,G9552,S,G9553,K,G9551,T,G9552,S,G9552,S,G9552,S,G9553
D,G9553,T,G9553,S,G9553,E,G9553,G,G9547,D,G9551,A,G9553,V,G9554,V,G9552,T,G9553,S,G9553,E,G9553,E,G9554
E,G9554,E,G9554,P,G9554,D,G9554,P,G9548,V,G9552,E,G9554,P,G9555,S,G9553,E,G9554,A,G9554,P,G9554,P,G9555
P,G9555,E,G9555,I,G9555,S,G9555,P,G9549,P,G9553,S,G9555,V,G9556,E,G9554,P,G9555,V,G9555,I,G9555,T,G9556
V,G9556,I,G9556,T,G9556,V,G9556,S,G9550,D,G9554,V,G9556,I,G9557,C,G9555,V,G9556,V,G9556,V,G9556,I,G9557
N,G9557,Q,G9557,,,L,G9557,E,G9551,K,G9555,K,G9557,,,F,G9556,K,G9557,A,G9557,,,,
,,,,,,,,P,G9552,H,G9556,,,,,V,G9557,V,G9558,E,G9558,,,,
,,,,,,,,S,G9553,Y,G9557,,,,,,,S,G9559,Y,G9559,,,,
,,,,,,,,D,G9554,,,,,,,,,E,G9560,,,,,,
,,,,,,,,P,G9555,,,,,,,,,,,,,,,,
,,,,,,,,E,G9556,,,,,,,,,,,,,,,,
,,,,,,,,V,G9557,,,,,,,,,,,,,,,,
,,,,,,,,,,,,,,,,,,,,,,,,,
,,,,,,,,,,,,,,,,,,,,,,,,,
,,,,,,,,,,,,,,,,,,,,,,,,,
,,,,,,,,,,,,,,,,,,,,,,,,,
,,,,,,,,,,,,,,,,,,,,,,,,,
,,,,,,,,,,,,,,,,,,,,,,,,,
,,,,,,,,,,,,,,,,,,,,,,,,,
,,,,,,,,,,,,,,,,,,,,,,,,,
,,,,,,,,,,,,,,,,,,,,,,,,,
,,,,,,,,,,,,,,,,,,,,,,,,,
,,,,,,,,,,,,,,,,,,,,,,,,,
,,,,,,,,,,,,,,,,,,,,,,,,,
,,,,,,,,,,,,,,,,,,,,,,,,,
,,,,,,,,,,,,,,,,,,,,,,,,,
,,,,,,,,,,,,,,,,,,,,,,,,,
,,,,,,,,,,,,,,,,,,,,,,,,,
,,,,,,,,,,,,,,,,,,,,,,,,,
,,,,,,,,,,,,,,,,,,,,,,,,,
,,,,,,,,,,,,,,,,,,,,,,,,,
,,,,,,,,,,,,,,,,,,,,,,,,,
,,,,,,,,,,,,,,,,,,,,,,,,,
,,,,,,,,,,,,,,,,,,,,,,,,,
,,,,,,,,,,,,,,,,,,,,,,,,,
,,,,,,,,,,,,,,,,,,,,,,,,,
,,,,,,,,,,,,,,,,,,,,,,,,,
,,,,,,,,,,,,,,,,,,,,,,,,,
,,,,,,,,,,,,,,,,,,,,,,,,,
,,,,,,,,,,,,,,,,,,,,,,,,,
,,,,,,,,,,,,,,,,,,,,,,,,,
,,,,,,,,,,,,,,,,,,,,,,,,,
,,,,,,,,,,,,,,,,,,,,,,,,,
,,,,,,,,,,,,,,,,,,,,,,,,,
,,,,,,,,,,,,,,,,,,,,,,,,,
,,,,,,,,,,,,,,,,,,,,,,,,,
,,,,,,,,,,,,,,,,,,,,,,,,,
,,,,,,,,,,,,,,,,,,,,,,,,,
,,,,,,,,,,,,,,,,,,,,,,,,,
,,,,,,,,,,,,,,,,,,,,,,,,,
,,,,,,,,,,,,,,,,,,,,,,,,,
,,,,,,,,,,,,,,,,,,,,,,,,,
,,,,,,,,,,,,,,,,,,,,,,,,,
,,,,,,,,,,,,,,,,,,,,,,,,,
,,,,,,,,,,,,,,,,,,,,,,,,,
,,,,,,,,,,,,,,,,,,,,,,,,,
,,,,,,,,,,,,,,,,,,,,,,,,,
,,,,,,,,,,,,,,,,,,,,,,,,,
,,,,,,,,,,,,,,,,,,,,,,,,,
,,,,,,,,,,,,,,,,,,,,,,,,,
,,,,,,,,,,,,,,,,,,,,,,,,,
,,,,,,,,,,,,,,,,,,,,,,,,,
,,,,,,,,,,,,,,,,,,,,,,,,,
,,,,,,,,,,,,,,,,,,,,,,,,,
,,,,,,,,,,,,,,,,,,,,,,,,,
,,,,,,,,,,,,,,,,,,,,,,,,,
,,,,,,,,,,,,,,,,,,,,,,,,,
,,,,,,,,,,,,,,,,,,,,,,,,,
,,,,,,,,,,,,,,,,,,,,,,,,,
,,,,,,,,,,,,,,,,,,,,,,,,,
,,,,,,,,,,,,,,,,,,,,,,,,,
,,,,,,,,,,,,,,,,,,,,,,,,,
,,,,,,,,,,,,,,,,,,,,,,,,,
,,,,,,,,,,,,,,,,,,,,,,,,,
,,,,,,,,,,,,,,,,,,,,,,,,,
,,,,,,,,,,,,,,,,,,,,,,,,,
,,,,,,,,,,,,,,,,,,,,,,,,,
,,,,,,,,,,,,,,,,,,,,,,,,,
,,,,,,,,,,,,,,,,,,,,,,,,,
,,,,,,,,,,,,,,,,,,,,,,,,,
,,,,,,,,,,,,,,,,,,,,,,,,,
,,,,,,,,,,,,,,,,,,,,,,,,,
,,,,,,,,,,,,,,,,,,,,,,,,,
,,,,,,,,,,,,,,,,,,,,,,,,,
,,,,,,,,,,,,,,,,,,,,,,,,,
,,,,,,,,,,,,,,,,,,,,,,,,,
,,,,,,,,,,,,,,,,,,,,,,,,,
,,,,,,,,,,,,,,,,,,,,,,,,,
,,,,,,,,,,,,,,,,,,,,,,,,,
,,,,,,,,,,,,,,,,,,,,,,,,,
,,,,,,,,,,,,,,,,,,,,,,,,,
,,,,,,,,,,,,,,,,,,,,,,,,,
,,,,,,,,,,,,,,,,,,,,,,,,,
,,,,,,,,,,,,,,,,,,,,,,,,,
,,,,,,,,,,,,,,,,,,,,,,,,,
,,,,,,,,,,,,,,,,,,,,,,,,,
,,,,,,,,,,,,,,,,,,,,,,,,,
,,,,,,,,,,,,,,,,,,,,,,,,,
,,,,,,,,,,,,,,,,,,,,,,,,,
,,,,,,,,,,,,,,,,,,,,,,,,,
,,,,,,,,,,,,,,,,,,,,,,,,,
,,,,,,,,,,,,,,,,,,,,,,,,,
,,,,,,,,,,,,,,,,,,,,,,,,,
,,,,,,,,,,,,,,,,,,,,,,,,,
,,,,,,,,,,,,,,,,,,,,,,,,,
,,,,,,,,,,,,,,,,,,,,,,,,,
,,,,,,,,,,,,,,,,,,,,,,,,,
,,,,,,,,N,G9557,,,,,,,,,,,,,,,,